term,coef
const,5.815376487984942
price_usd,-0.3273688311064509
alt_Lab,-0.5019305498097556
alt_Premium,1.5347440568966526
