Tuna,Source,sum_sq,df,F,PR(>F)
Lab,Intercept,136.34405828021139,1.0,39.38836513274927,1.4605187979712288e-09
Lab,C(Category),171.84560343239204,2.0,24.822194160238972,1.3823606938717784e-10
Lab,C(PriceLvl),137.32241636798858,2.0,19.835501249704233,9.703528555188401e-09
Lab,C(NutriLvl),141.5402485105123,2.0,20.444744932905067,5.728870683188693e-09
Lab,C(TasteLvl),21.630368407862665,2.0,3.1243930228840564,0.04563152262938915
Lab,C(PriceLvl):C(NutriLvl),143.16817686808565,4.0,10.339945313716393,8.803786820686405e-08
Lab,C(PriceLvl):C(TasteLvl),35.38626702533608,4.0,2.5556801371835003,0.039362538894991674
Lab,C(NutriLvl):C(TasteLvl),23.600685573938758,4.0,1.7044974905672636,0.1493907215247481
Lab,Residual,893.0750722387047,258.0,,
