Tuna,Source,sum_sq,df,F,PR(>F)
Basic,Intercept,847.526055493171,1.0,255.76394628485028,1.8027562967528612e-40
Basic,C(Category),23.80801641371908,2.0,3.5923569498072765,0.028919270509079067
Basic,C(PriceLvl),859.296471293709,2.0,129.65799405355062,1.0578664820088124e-39
Basic,C(NutriLvl),848.0925417978316,2.0,127.9674494365504,2.4648808814886526e-39
Basic,C(TasteLvl),29.122698983013173,2.0,4.394281668442028,0.013285325257361464
Basic,C(PriceLvl):C(NutriLvl),859.9104749827055,4.0,64.87532008832409,6.635107587441885e-38
Basic,C(PriceLvl):C(TasteLvl),29.260496648110923,4.0,2.2075368787985847,0.06860660108482611
Basic,C(NutriLvl):C(TasteLvl),35.012663473693486,4.0,2.6415049195049307,0.03426991077299788
Basic,Residual,854.9356760147479,258.0,,
