Metric,Value
N,1743.0
R2,0.15683161614987795
Adj_R2,0.13498272987814341
